ds,lag1_sma_forecast,campaign,y
2023-03-21,,BPKB Mobil # Leads | BPKB Mobil | Search | Web 1 | Nationwide | Experiment | General,
2023-03-22,,BPKB Mobil # Leads | BPKB Mobil | Search | Web 1 | Nationwide | Experiment | General,
2023-03-23,,BPKB Mobil # Leads | BPKB Mobil | Search | Web 1 | Nationwide | Experiment | General,
2023-03-24,,BPKB Mobil # Leads | BPKB Mobil | Search | Web 1 | Nationwide | Experiment | General,
2023-03-25,,BPKB Mobil # Leads | BPKB Mobil | Search | Web 1 | Nationwide | Experiment | General,
2023-03-26,,BPKB Mobil # Leads | BPKB Mobil | Search | Web 1 | Nationwide | Experiment | General,
2023-03-27,,BPKB Mobil # Leads | BPKB Mobil | Search | Web 1 | Nationwide | Experiment | General,
2023-03-28,,BPKB Mobil # Leads | BPKB Mobil | Search | Web 1 | Nationwide | Experiment | General,
2023-03-29,,BPKB Mobil # Leads | BPKB Mobil | Search | Web 1 | Nationwide | Experiment | General,
2023-03-30,,BPKB Mobil # Leads | BPKB Mobil | Search | Web 1 | Nationwide | Experiment | General,
2023-03-31,,BPKB Mobil # Leads | BPKB Mobil | Search | Web 1 | Nationwide | Experiment | General,
2023-04-01,,BPKB Mobil # Leads | BPKB Mobil | Search | Web 1 | Nationwide | Experiment | General,
2023-04-02,,BPKB Mobil # Leads | BPKB Mobil | Search | Web 1 | Nationwide | Experiment | General,
2023-04-03,,BPKB Mobil # Leads | BPKB Mobil | Search | Web 1 | Nationwide | Experiment | General,
2023-04-04,,BPKB Mobil # Leads | BPKB Mobil | Search | Web 1 | Nationwide | Experiment | General,
2023-04-05,,BPKB Mobil # Leads | BPKB Mobil | Search | Web 1 | Nationwide | Experiment | General,
2023-04-06,,BPKB Mobil # Leads | BPKB Mobil | Search | Web 1 | Nationwide | Experiment | General,
2023-04-07,,BPKB Mobil # Leads | BPKB Mobil | Search | Web 1 | Nationwide | Experiment | General,
2023-04-08,,BPKB Mobil # Leads | BPKB Mobil | Search | Web 1 | Nationwide | Experiment | General,
2023-04-10,,BPKB Mobil # Leads | BPKB Mobil | Search | Web 1 | Nationwide | Experiment | General,
2023-04-11,,BPKB Mobil # Leads | BPKB Mobil | Search | Web 1 | Nationwide | Experiment | General,
2023-04-12,,BPKB Mobil # Leads | BPKB Mobil | Search | Web 1 | Nationwide | Experiment | General,
2023-04-13,,BPKB Mobil # Leads | BPKB Mobil | Search | Web 1 | Nationwide | Experiment | General,
2023-04-14,,BPKB Mobil # Leads | BPKB Mobil | Search | Web 1 | Nationwide | Experiment | General,
2023-04-15,,BPKB Mobil # Leads | BPKB Mobil | Search | Web 1 | Nationwide | Experiment | General,
2023-04-17,,BPKB Mobil # Leads | BPKB Mobil | Search | Web 1 | Nationwide | Experiment | General,
2023-04-18,,BPKB Mobil # Leads | BPKB Mobil | Search | Web 1 | Nationwide | Experiment | General,
2023-04-19,3335.1428571428573,BPKB Mobil # Leads | BPKB Mobil | Search | Web 1 | Nationwide | Experiment | General,
2023-04-20,3314.4285714285716,BPKB Mobil # Leads | BPKB Mobil | Search | Web 1 | Nationwide | Experiment | General,
2023-04-21,3399.8163265306125,BPKB Mobil # Leads | BPKB Mobil | Search | Web 1 | Nationwide | Experiment | General,
2023-04-22,3465.3032069970845,BPKB Mobil # Leads | BPKB Mobil | Search | Web 1 | Nationwide | Experiment | General,
2023-04-23,3245.039150354019,BPKB Mobil # Leads | BPKB Mobil | Search | Web 1 | Nationwide | Experiment | General,
2023-04-24,3229.1133753793065,BPKB Mobil # Leads | BPKB Mobil | Search | Web 1 | Nationwide | Experiment | General,1358.0
2023-04-25,3260.835759334971,BPKB Mobil # Leads | BPKB Mobil | Search | Web 1 | Nationwide | Experiment | General,1584.0
2023-04-26,3252.9668850017547,BPKB Mobil # Leads | BPKB Mobil | Search | Web 1 | Nationwide | Experiment | General,
2023-04-27,3212.8930910733084,BPKB Mobil # Leads | BPKB Mobil | Search | Web 1 | Nationwide | Experiment | General,1709.0
2023-04-28,3117.9568832928308,BPKB Mobil # Leads | BPKB Mobil | Search | Web 1 | Nationwide | Experiment | General,2077.0
2023-04-29,3111.5252320994614,BPKB Mobil # Leads | BPKB Mobil | Search | Web 1 | Nationwide | Experiment | General,
2023-04-30,3016.0627486779945,BPKB Mobil # Leads | BPKB Mobil | Search | Web 1 | Nationwide | Experiment | General,
2023-05-01,3074.138659297851,BPKB Mobil # Leads | BPKB Mobil | Search | Web 1 | Nationwide | Experiment | General,
2023-05-02,3029.5057063905547,BPKB Mobil # Leads | BPKB Mobil | Search | Web 1 | Nationwide | Experiment | General,
2023-05-03,3109.1846854184514,BPKB Mobil # Leads | BPKB Mobil | Search | Web 1 | Nationwide | Experiment | General,
2023-05-04,3202.769305805484,BPKB Mobil # Leads | BPKB Mobil | Search | Web 1 | Nationwide | Experiment | General,
2023-05-05,3194.793643975263,BPKB Mobil # Leads | BPKB Mobil | Search | Web 1 | Nationwide | Experiment | General,4.0
2023-05-06,3180.149166649881,BPKB Mobil # Leads | BPKB Mobil | Search | Web 1 | Nationwide | Experiment | General,1542.0
2023-05-07,3159.781020910795,BPKB Mobil # Leads | BPKB Mobil | Search | Web 1 | Nationwide | Experiment | General,
2023-05-08,3153.691154521993,BPKB Mobil # Leads | BPKB Mobil | Search | Web 1 | Nationwide | Experiment | General,966.0
2023-05-09,3148.3038530321855,BPKB Mobil # Leads | BPKB Mobil | Search | Web 1 | Nationwide | Experiment | General,1744.0
2023-05-10,3140.2658597248437,BPKB Mobil # Leads | BPKB Mobil | Search | Web 1 | Nationwide | Experiment | General,1811.0
2023-05-11,3132.2157864907786,BPKB Mobil # Leads | BPKB Mobil | Search | Web 1 | Nationwide | Experiment | General,1788.0
2023-05-12,3126.4531218777406,BPKB Mobil # Leads | BPKB Mobil | Search | Web 1 | Nationwide | Experiment | General,2066.0
2023-05-13,3127.059996062377,BPKB Mobil # Leads | BPKB Mobil | Search | Web 1 | Nationwide | Experiment | General,1648.0
2023-05-14,3128.169622059728,BPKB Mobil # Leads | BPKB Mobil | Search | Web 1 | Nationwide | Experiment | General,
2023-05-15,3136.1772558727093,BPKB Mobil # Leads | BPKB Mobil | Search | Web 1 | Nationwide | Experiment | General,1568.0
2023-05-16,3140.608584199485,BPKB Mobil # Leads | BPKB Mobil | Search | Web 1 | Nationwide | Experiment | General,41.0
2023-05-17,3148.54450404298,BPKB Mobil # Leads | BPKB Mobil | Search | Web 1 | Nationwide | Experiment | General,
2023-05-18,3151.355919659017,BPKB Mobil # Leads | BPKB Mobil | Search | Web 1 | Nationwide | Experiment | General,
2023-05-19,3147.68353493427,BPKB Mobil # Leads | BPKB Mobil | Search | Web 1 | Nationwide | Experiment | General,
2023-05-20,3144.3185271456273,BPKB Mobil # Leads | BPKB Mobil | Search | Web 1 | Nationwide | Experiment | General,
2023-05-21,3141.759195752467,BPKB Mobil # Leads | BPKB Mobil | Search | Web 1 | Nationwide | Experiment | General,
2023-05-22,3140.4719225268714,BPKB Mobil # Leads | BPKB Mobil | Search | Web 1 | Nationwide | Experiment | General,
2023-05-23,3139.5276916700773,BPKB Mobil # Leads | BPKB Mobil | Search | Web 1 | Nationwide | Experiment | General,
2023-05-24,3138.9008230013546,BPKB Mobil # Leads | BPKB Mobil | Search | Web 1 | Nationwide | Experiment | General,
2023-05-25,3138.8033203782484,BPKB Mobil # Leads | BPKB Mobil | Search | Web 1 | Nationwide | Experiment | General,
2023-05-26,3139.273858513068,BPKB Mobil # Leads | BPKB Mobil | Search | Web 1 | Nationwide | Experiment | General,
2023-05-27,3140.1896254155913,BPKB Mobil # Leads | BPKB Mobil | Search | Web 1 | Nationwide | Experiment | General,
2023-05-28,3141.127456083678,BPKB Mobil # Leads | BPKB Mobil | Search | Web 1 | Nationwide | Experiment | General,
2023-05-29,3142.0530156568175,BPKB Mobil # Leads | BPKB Mobil | Search | Web 1 | Nationwide | Experiment | General,
2023-05-30,3142.4727127842534,BPKB Mobil # Leads | BPKB Mobil | Search | Web 1 | Nationwide | Experiment | General,
2023-05-31,3142.6058648260228,BPKB Mobil # Leads | BPKB Mobil | Search | Web 1 | Nationwide | Experiment | General,
2023-06-01,3142.181676310526,BPKB Mobil # Leads | BPKB Mobil | Search | Web 1 | Nationwide | Experiment | General,
2023-06-02,3141.526373214205,BPKB Mobil # Leads | BPKB Mobil | Search | Web 1 | Nationwide | Experiment | General,
2023-06-03,3141.0865759484864,BPKB Mobil # Leads | BPKB Mobil | Search | Web 1 | Nationwide | Experiment | General,
2023-06-04,3140.8557222915474,BPKB Mobil # Leads | BPKB Mobil | Search | Web 1 | Nationwide | Experiment | General,
2023-06-05,3140.7911884729106,BPKB Mobil # Leads | BPKB Mobil | Search | Web 1 | Nationwide | Experiment | General,
2023-06-06,3140.813993183342,BPKB Mobil # Leads | BPKB Mobil | Search | Web 1 | Nationwide | Experiment | General,
2023-06-07,3140.9058718628607,BPKB Mobil # Leads | BPKB Mobil | Search | Web 1 | Nationwide | Experiment | General,
2023-06-08,3141.0490896386827,BPKB Mobil # Leads | BPKB Mobil | Search | Web 1 | Nationwide | Experiment | General,
2023-06-09,3141.209501728714,BPKB Mobil # Leads | BPKB Mobil | Search | Web 1 | Nationwide | Experiment | General,
2023-06-10,3141.3477619584023,BPKB Mobil # Leads | BPKB Mobil | Search | Web 1 | Nationwide | Experiment | General,
2023-06-11,3141.430485997175,BPKB Mobil # Leads | BPKB Mobil | Search | Web 1 | Nationwide | Experiment | General,
2023-06-12,3141.4521309909956,BPKB Mobil # Leads | BPKB Mobil | Search | Web 1 | Nationwide | Experiment | General,
2023-06-13,3141.409210657723,BPKB Mobil # Leads | BPKB Mobil | Search | Web 1 | Nationwide | Experiment | General,
2023-06-14,3141.333246220114,BPKB Mobil # Leads | BPKB Mobil | Search | Web 1 | Nationwide | Experiment | General,
2023-06-15,3141.2423448911204,BPKB Mobil # Leads | BPKB Mobil | Search | Web 1 | Nationwide | Experiment | General,
2023-06-16,3141.1752497897346,BPKB Mobil # Leads | BPKB Mobil | Search | Web 1 | Nationwide | Experiment | General,
2023-06-17,3141.1501695451293,BPKB Mobil # Leads | BPKB Mobil | Search | Web 1 | Nationwide | Experiment | General,
2023-06-18,,BPKB Mobil # Leads | BPKB Mobil | Search | Web 1 | Nationwide | Experiment | General,
2023-03-21,,BPKB Mobil # Leads | BPKB Mobil | Search | Web 1 | Nationwide | Targeting | General,
2023-03-22,,BPKB Mobil # Leads | BPKB Mobil | Search | Web 1 | Nationwide | Targeting | General,
2023-03-23,,BPKB Mobil # Leads | BPKB Mobil | Search | Web 1 | Nationwide | Targeting | General,
2023-03-24,,BPKB Mobil # Leads | BPKB Mobil | Search | Web 1 | Nationwide | Targeting | General,
2023-03-25,,BPKB Mobil # Leads | BPKB Mobil | Search | Web 1 | Nationwide | Targeting | General,
2023-03-26,,BPKB Mobil # Leads | BPKB Mobil | Search | Web 1 | Nationwide | Targeting | General,
2023-03-27,,BPKB Mobil # Leads | BPKB Mobil | Search | Web 1 | Nationwide | Targeting | General,
2023-03-28,,BPKB Mobil # Leads | BPKB Mobil | Search | Web 1 | Nationwide | Targeting | General,
2023-03-29,,BPKB Mobil # Leads | BPKB Mobil | Search | Web 1 | Nationwide | Targeting | General,
2023-03-30,,BPKB Mobil # Leads | BPKB Mobil | Search | Web 1 | Nationwide | Targeting | General,
2023-03-31,,BPKB Mobil # Leads | BPKB Mobil | Search | Web 1 | Nationwide | Targeting | General,
2023-04-01,,BPKB Mobil # Leads | BPKB Mobil | Search | Web 1 | Nationwide | Targeting | General,
2023-04-02,,BPKB Mobil # Leads | BPKB Mobil | Search | Web 1 | Nationwide | Targeting | General,
2023-04-03,,BPKB Mobil # Leads | BPKB Mobil | Search | Web 1 | Nationwide | Targeting | General,
2023-04-04,,BPKB Mobil # Leads | BPKB Mobil | Search | Web 1 | Nationwide | Targeting | General,
2023-04-05,,BPKB Mobil # Leads | BPKB Mobil | Search | Web 1 | Nationwide | Targeting | General,
2023-04-06,,BPKB Mobil # Leads | BPKB Mobil | Search | Web 1 | Nationwide | Targeting | General,
2023-04-07,,BPKB Mobil # Leads | BPKB Mobil | Search | Web 1 | Nationwide | Targeting | General,
2023-04-08,,BPKB Mobil # Leads | BPKB Mobil | Search | Web 1 | Nationwide | Targeting | General,
2023-04-09,,BPKB Mobil # Leads | BPKB Mobil | Search | Web 1 | Nationwide | Targeting | General,
2023-04-10,,BPKB Mobil # Leads | BPKB Mobil | Search | Web 1 | Nationwide | Targeting | General,
2023-04-11,,BPKB Mobil # Leads | BPKB Mobil | Search | Web 1 | Nationwide | Targeting | General,
2023-04-12,,BPKB Mobil # Leads | BPKB Mobil | Search | Web 1 | Nationwide | Targeting | General,
2023-04-13,,BPKB Mobil # Leads | BPKB Mobil | Search | Web 1 | Nationwide | Targeting | General,
2023-04-14,,BPKB Mobil # Leads | BPKB Mobil | Search | Web 1 | Nationwide | Targeting | General,
2023-04-15,,BPKB Mobil # Leads | BPKB Mobil | Search | Web 1 | Nationwide | Targeting | General,
2023-04-16,1495.0,BPKB Mobil # Leads | BPKB Mobil | Search | Web 1 | Nationwide | Targeting | General,
2023-04-17,1494.357142857143,BPKB Mobil # Leads | BPKB Mobil | Search | Web 1 | Nationwide | Targeting | General,
2023-04-18,1511.857142857143,BPKB Mobil # Leads | BPKB Mobil | Search | Web 1 | Nationwide | Targeting | General,
2023-04-19,1500.4285714285713,BPKB Mobil # Leads | BPKB Mobil | Search | Web 1 | Nationwide | Targeting | General,
2023-04-20,1446.4285714285713,BPKB Mobil # Leads | BPKB Mobil | Search | Web 1 | Nationwide | Targeting | General,
2023-04-21,1436.3163265306123,BPKB Mobil # Leads | BPKB Mobil | Search | Web 1 | Nationwide | Targeting | General,
2023-04-22,1437.4103498542274,BPKB Mobil # Leads | BPKB Mobil | Search | Web 1 | Nationwide | Targeting | General,
2023-04-23,1410.3682319866723,BPKB Mobil # Leads | BPKB Mobil | Search | Web 1 | Nationwide | Targeting | General,
2023-04-24,1406.1802485571486,BPKB Mobil # Leads | BPKB Mobil | Search | Web 1 | Nationwide | Targeting | General,
2023-04-25,1385.1216948826593,BPKB Mobil # Leads | BPKB Mobil | Search | Web 1 | Nationwide | Targeting | General,1251.0
2023-04-26,1368.8446730885637,BPKB Mobil # Leads | BPKB Mobil | Search | Web 1 | Nationwide | Targeting | General,1551.0
2023-04-27,1362.8335783091754,BPKB Mobil # Leads | BPKB Mobil | Search | Web 1 | Nationwide | Targeting | General,1737.0
2023-04-28,1366.2502624741167,BPKB Mobil # Leads | BPKB Mobil | Search | Web 1 | Nationwide | Targeting | General,1150.0
2023-04-29,1373.8395669365532,BPKB Mobil # Leads | BPKB Mobil | Search | Web 1 | Nationwide | Targeting | General,1162.0
2023-04-30,1380.1852502891645,BPKB Mobil # Leads | BPKB Mobil | Search | Web 1 | Nationwide | Targeting | General,868.0
2023-05-01,1392.1270538812475,BPKB Mobil # Leads | BPKB Mobil | Search | Web 1 | Nationwide | Targeting | General,1237.0
2023-05-02,1370.7789863013365,BPKB Mobil # Leads | BPKB Mobil | Search | Web 1 | Nationwide | Targeting | General,1680.0
2023-05-03,1357.906056751432,BPKB Mobil # Leads | BPKB Mobil | Search | Web 1 | Nationwide | Targeting | General,1909.0
2023-05-04,1392.47077509082,BPKB Mobil # Leads | BPKB Mobil | Search | Web 1 | Nationwide | Targeting | General,1687.0
2023-05-05,1388.6166467809805,BPKB Mobil # Leads | BPKB Mobil | Search | Web 1 | Nationwide | Targeting | General,1599.0
2023-05-06,1385.2095267988643,BPKB Mobil # Leads | BPKB Mobil | Search | Web 1 | Nationwide | Targeting | General,1257.0
2023-05-07,1381.480896580624,BPKB Mobil # Leads | BPKB Mobil | Search | Web 1 | Nationwide | Targeting | General,
2023-05-08,1379.417515480192,BPKB Mobil # Leads | BPKB Mobil | Search | Web 1 | Nationwide | Targeting | General,1579.0
2023-05-09,1377.5058916889807,BPKB Mobil # Leads | BPKB Mobil | Search | Web 1 | Nationwide | Targeting | General,1749.0
2023-05-10,1376.9619057465752,BPKB Mobil # Leads | BPKB Mobil | Search | Web 1 | Nationwide | Targeting | General,1718.0
2023-05-11,1377.5417080792902,BPKB Mobil # Leads | BPKB Mobil | Search | Web 1 | Nationwide | Targeting | General,1641.0
2023-05-12,1378.5922887771555,BPKB Mobil # Leads | BPKB Mobil | Search | Web 1 | Nationwide | Targeting | General,1590.0
2023-05-13,1379.4738620845158,BPKB Mobil # Leads | BPKB Mobil | Search | Web 1 | Nationwide | Targeting | General,1301.0
2023-05-14,1379.876311737941,BPKB Mobil # Leads | BPKB Mobil | Search | Web 1 | Nationwide | Targeting | General,
2023-05-15,1379.8542446985682,BPKB Mobil # Leads | BPKB Mobil | Search | Web 1 | Nationwide | Targeting | General,1814.0
2023-05-16,1378.9776154712342,BPKB Mobil # Leads | BPKB Mobil | Search | Web 1 | Nationwide | Targeting | General,1673.0
2023-05-17,1379.5632318405126,BPKB Mobil # Leads | BPKB Mobil | Search | Web 1 | Nationwide | Targeting | General,1510.0
2023-05-18,1381.110172918304,BPKB Mobil # Leads | BPKB Mobil | Search | Web 1 | Nationwide | Targeting | General,1234.0
2023-05-19,1380.2987013345526,BPKB Mobil # Leads | BPKB Mobil | Search | Web 1 | Nationwide | Targeting | General,
2023-05-20,1379.7045623740935,BPKB Mobil # Leads | BPKB Mobil | Search | Web 1 | Nationwide | Targeting | General,
2023-05-21,1379.3113506294671,BPKB Mobil # Leads | BPKB Mobil | Search | Web 1 | Nationwide | Targeting | General,
2023-05-22,1379.156383061527,BPKB Mobil # Leads | BPKB Mobil | Search | Web 1 | Nationwide | Targeting | General,
2023-05-23,1379.1377307459084,BPKB Mobil # Leads | BPKB Mobil | Search | Web 1 | Nationwide | Targeting | General,
2023-05-24,1379.2542906785459,BPKB Mobil # Leads | BPKB Mobil | Search | Web 1 | Nationwide | Targeting | General,
2023-05-25,1379.4180324594013,BPKB Mobil # Leads | BPKB Mobil | Search | Web 1 | Nationwide | Targeting | General,
2023-05-26,1379.5520556294089,BPKB Mobil # Leads | BPKB Mobil | Search | Web 1 | Nationwide | Targeting | General,
2023-05-27,1379.62061040457,BPKB Mobil # Leads | BPKB Mobil | Search | Web 1 | Nationwide | Targeting | General,
2023-05-28,1379.6310924274312,BPKB Mobil # Leads | BPKB Mobil | Search | Web 1 | Nationwide | Targeting | General,
2023-05-29,1379.6135767623946,BPKB Mobil # Leads | BPKB Mobil | Search | Web 1 | Nationwide | Targeting | General,
2023-05-30,1379.596386195525,BPKB Mobil # Leads | BPKB Mobil | Search | Web 1 | Nationwide | Targeting | General,
2023-05-31,1379.640584104403,BPKB Mobil # Leads | BPKB Mobil | Search | Web 1 | Nationwide | Targeting | General,
2023-06-01,1379.6461092661095,BPKB Mobil # Leads | BPKB Mobil | Search | Web 1 | Nationwide | Targeting | General,
2023-06-02,1379.5415332909527,BPKB Mobil # Leads | BPKB Mobil | Search | Web 1 | Nationwide | Targeting | General,
2023-06-03,1379.4874498592671,BPKB Mobil # Leads | BPKB Mobil | Search | Web 1 | Nationwide | Targeting | General,
2023-06-04,1379.4719418224936,BPKB Mobil # Leads | BPKB Mobil | Search | Web 1 | Nationwide | Targeting | General,
2023-06-05,1379.4834126219957,BPKB Mobil # Leads | BPKB Mobil | Search | Web 1 | Nationwide | Targeting | General,
2023-06-06,1379.5067718763148,BPKB Mobil # Leads | BPKB Mobil | Search | Web 1 | Nationwide | Targeting | General,
2023-06-07,1379.5331319570582,BPKB Mobil # Leads | BPKB Mobil | Search | Web 1 | Nationwide | Targeting | General,
2023-06-08,1379.5530491912377,BPKB Mobil # Leads | BPKB Mobil | Search | Web 1 | Nationwide | Targeting | General,
2023-06-09,1379.5626932435116,BPKB Mobil # Leads | BPKB Mobil | Search | Web 1 | Nationwide | Targeting | General,
2023-06-10,1379.5634530730902,BPKB Mobil # Leads | BPKB Mobil | Search | Web 1 | Nationwide | Targeting | General,
2023-06-11,1379.559370406556,BPKB Mobil # Leads | BPKB Mobil | Search | Web 1 | Nationwide | Targeting | General,
2023-06-12,1379.554247405065,BPKB Mobil # Leads | BPKB Mobil | Search | Web 1 | Nationwide | Targeting | General,
2023-06-13,1379.550009593827,BPKB Mobil # Leads | BPKB Mobil | Search | Web 1 | Nationwide | Targeting | General,
2023-06-14,1379.5466969794202,BPKB Mobil # Leads | BPKB Mobil | Search | Web 1 | Nationwide | Targeting | General,
2023-06-15,1379.539990756207,BPKB Mobil # Leads | BPKB Mobil | Search | Web 1 | Nationwide | Targeting | General,
2023-06-16,1379.5324108626428,BPKB Mobil # Leads | BPKB Mobil | Search | Web 1 | Nationwide | Targeting | General,
2023-06-17,1379.5317592606204,BPKB Mobil # Leads | BPKB Mobil | Search | Web 1 | Nationwide | Targeting | General,
2023-06-18,,BPKB Mobil # Leads | BPKB Mobil | Search | Web 1 | Nationwide | Targeting | General,
2023-03-21,,BPKB Motor # Leads | BPKB Motor | Search | Web 1 | Jabodetabek New,
2023-03-22,,BPKB Motor # Leads | BPKB Motor | Search | Web 1 | Jabodetabek New,
2023-03-23,,BPKB Motor # Leads | BPKB Motor | Search | Web 1 | Jabodetabek New,
2023-03-24,,BPKB Motor # Leads | BPKB Motor | Search | Web 1 | Jabodetabek New,
2023-03-25,,BPKB Motor # Leads | BPKB Motor | Search | Web 1 | Jabodetabek New,
2023-03-26,,BPKB Motor # Leads | BPKB Motor | Search | Web 1 | Jabodetabek New,
2023-03-27,,BPKB Motor # Leads | BPKB Motor | Search | Web 1 | Jabodetabek New,
2023-03-28,,BPKB Motor # Leads | BPKB Motor | Search | Web 1 | Jabodetabek New,
2023-03-30,,BPKB Motor # Leads | BPKB Motor | Search | Web 1 | Jabodetabek New,
2023-03-31,,BPKB Motor # Leads | BPKB Motor | Search | Web 1 | Jabodetabek New,
2023-04-01,,BPKB Motor # Leads | BPKB Motor | Search | Web 1 | Jabodetabek New,
2023-04-02,,BPKB Motor # Leads | BPKB Motor | Search | Web 1 | Jabodetabek New,
2023-04-03,,BPKB Motor # Leads | BPKB Motor | Search | Web 1 | Jabodetabek New,
2023-04-04,,BPKB Motor # Leads | BPKB Motor | Search | Web 1 | Jabodetabek New,
2023-04-05,,BPKB Motor # Leads | BPKB Motor | Search | Web 1 | Jabodetabek New,
2023-04-06,,BPKB Motor # Leads | BPKB Motor | Search | Web 1 | Jabodetabek New,
2023-04-07,,BPKB Motor # Leads | BPKB Motor | Search | Web 1 | Jabodetabek New,
2023-04-10,,BPKB Motor # Leads | BPKB Motor | Search | Web 1 | Jabodetabek New,
2023-04-11,,BPKB Motor # Leads | BPKB Motor | Search | Web 1 | Jabodetabek New,
2023-04-12,,BPKB Motor # Leads | BPKB Motor | Search | Web 1 | Jabodetabek New,
2023-04-13,,BPKB Motor # Leads | BPKB Motor | Search | Web 1 | Jabodetabek New,
2023-04-14,,BPKB Motor # Leads | BPKB Motor | Search | Web 1 | Jabodetabek New,
2023-04-15,,BPKB Motor # Leads | BPKB Motor | Search | Web 1 | Jabodetabek New,
2023-04-17,,BPKB Motor # Leads | BPKB Motor | Search | Web 1 | Jabodetabek New,
2023-04-18,,BPKB Motor # Leads | BPKB Motor | Search | Web 1 | Jabodetabek New,
2023-04-19,,BPKB Motor # Leads | BPKB Motor | Search | Web 1 | Jabodetabek New,
2023-04-20,,BPKB Motor # Leads | BPKB Motor | Search | Web 1 | Jabodetabek New,
2023-04-21,,BPKB Motor # Leads | BPKB Motor | Search | Web 1 | Jabodetabek New,
2023-04-22,,BPKB Motor # Leads | BPKB Motor | Search | Web 1 | Jabodetabek New,
2023-04-23,,BPKB Motor # Leads | BPKB Motor | Search | Web 1 | Jabodetabek New,
2023-04-24,,BPKB Motor # Leads | BPKB Motor | Search | Web 1 | Jabodetabek New,1281.0
2023-04-25,,BPKB Motor # Leads | BPKB Motor | Search | Web 1 | Jabodetabek New,887.0
2023-04-26,,BPKB Motor # Leads | BPKB Motor | Search | Web 1 | Jabodetabek New,1563.0
2023-04-27,,BPKB Motor # Leads | BPKB Motor | Search | Web 1 | Jabodetabek New,1648.0
2023-04-28,,BPKB Motor # Leads | BPKB Motor | Search | Web 1 | Jabodetabek New,987.0
2023-04-29,,BPKB Motor # Leads | BPKB Motor | Search | Web 1 | Jabodetabek New,
2023-04-30,,BPKB Motor # Leads | BPKB Motor | Search | Web 1 | Jabodetabek New,
2023-05-01,,BPKB Motor # Leads | BPKB Motor | Search | Web 1 | Jabodetabek New,1107.0
2023-05-02,,BPKB Motor # Leads | BPKB Motor | Search | Web 1 | Jabodetabek New,820.0
2023-05-03,,BPKB Motor # Leads | BPKB Motor | Search | Web 1 | Jabodetabek New,724.0
2023-05-04,,BPKB Motor # Leads | BPKB Motor | Search | Web 1 | Jabodetabek New,1095.0
2023-05-05,,BPKB Motor # Leads | BPKB Motor | Search | Web 1 | Jabodetabek New,1548.0
2023-05-06,,BPKB Motor # Leads | BPKB Motor | Search | Web 1 | Jabodetabek New,
2023-05-07,,BPKB Motor # Leads | BPKB Motor | Search | Web 1 | Jabodetabek New,
2023-05-08,,BPKB Motor # Leads | BPKB Motor | Search | Web 1 | Jabodetabek New,1020.0
2023-05-09,,BPKB Motor # Leads | BPKB Motor | Search | Web 1 | Jabodetabek New,1241.0
2023-05-10,,BPKB Motor # Leads | BPKB Motor | Search | Web 1 | Jabodetabek New,1313.0
2023-05-11,,BPKB Motor # Leads | BPKB Motor | Search | Web 1 | Jabodetabek New,1117.0
2023-05-12,,BPKB Motor # Leads | BPKB Motor | Search | Web 1 | Jabodetabek New,1123.0
2023-05-13,,BPKB Motor # Leads | BPKB Motor | Search | Web 1 | Jabodetabek New,585.0
2023-05-14,,BPKB Motor # Leads | BPKB Motor | Search | Web 1 | Jabodetabek New,
2023-05-15,,BPKB Motor # Leads | BPKB Motor | Search | Web 1 | Jabodetabek New,1492.0
2023-05-16,,BPKB Motor # Leads | BPKB Motor | Search | Web 1 | Jabodetabek New,1613.0
2023-05-17,,BPKB Motor # Leads | BPKB Motor | Search | Web 1 | Jabodetabek New,1467.0
2023-05-18,,BPKB Motor # Leads | BPKB Motor | Search | Web 1 | Jabodetabek New,998.0
2023-05-19,,BPKB Motor # Leads | BPKB Motor | Search | Web 1 | Jabodetabek New,
2023-05-20,,BPKB Motor # Leads | BPKB Motor | Search | Web 1 | Jabodetabek New,
2023-05-21,,BPKB Motor # Leads | BPKB Motor | Search | Web 1 | Jabodetabek New,
2023-05-22,,BPKB Motor # Leads | BPKB Motor | Search | Web 1 | Jabodetabek New,
2023-05-23,,BPKB Motor # Leads | BPKB Motor | Search | Web 1 | Jabodetabek New,
2023-05-24,,BPKB Motor # Leads | BPKB Motor | Search | Web 1 | Jabodetabek New,
2023-05-25,,BPKB Motor # Leads | BPKB Motor | Search | Web 1 | Jabodetabek New,
2023-05-26,,BPKB Motor # Leads | BPKB Motor | Search | Web 1 | Jabodetabek New,
2023-05-27,,BPKB Motor # Leads | BPKB Motor | Search | Web 1 | Jabodetabek New,
2023-05-28,,BPKB Motor # Leads | BPKB Motor | Search | Web 1 | Jabodetabek New,
2023-05-29,,BPKB Motor # Leads | BPKB Motor | Search | Web 1 | Jabodetabek New,
2023-05-30,,BPKB Motor # Leads | BPKB Motor | Search | Web 1 | Jabodetabek New,
2023-05-31,,BPKB Motor # Leads | BPKB Motor | Search | Web 1 | Jabodetabek New,
2023-06-01,,BPKB Motor # Leads | BPKB Motor | Search | Web 1 | Jabodetabek New,
2023-06-02,,BPKB Motor # Leads | BPKB Motor | Search | Web 1 | Jabodetabek New,
2023-06-03,,BPKB Motor # Leads | BPKB Motor | Search | Web 1 | Jabodetabek New,
2023-06-04,,BPKB Motor # Leads | BPKB Motor | Search | Web 1 | Jabodetabek New,
2023-06-05,,BPKB Motor # Leads | BPKB Motor | Search | Web 1 | Jabodetabek New,
2023-06-06,,BPKB Motor # Leads | BPKB Motor | Search | Web 1 | Jabodetabek New,
2023-06-07,,BPKB Motor # Leads | BPKB Motor | Search | Web 1 | Jabodetabek New,
2023-06-08,,BPKB Motor # Leads | BPKB Motor | Search | Web 1 | Jabodetabek New,
2023-06-09,,BPKB Motor # Leads | BPKB Motor | Search | Web 1 | Jabodetabek New,
2023-06-10,,BPKB Motor # Leads | BPKB Motor | Search | Web 1 | Jabodetabek New,
2023-06-11,,BPKB Motor # Leads | BPKB Motor | Search | Web 1 | Jabodetabek New,
2023-06-12,,BPKB Motor # Leads | BPKB Motor | Search | Web 1 | Jabodetabek New,
2023-06-13,,BPKB Motor # Leads | BPKB Motor | Search | Web 1 | Jabodetabek New,
2023-06-14,,BPKB Motor # Leads | BPKB Motor | Search | Web 1 | Jabodetabek New,
2023-06-15,,BPKB Motor # Leads | BPKB Motor | Search | Web 1 | Jabodetabek New,
2023-06-16,,BPKB Motor # Leads | BPKB Motor | Search | Web 1 | Jabodetabek New,
2023-06-17,,BPKB Motor # Leads | BPKB Motor | Search | Web 1 | Jabodetabek New,
2023-06-18,,BPKB Motor # Leads | BPKB Motor | Search | Web 1 | Jabodetabek New,
2023-03-21,,BPKB Motor # Leads | BPKB Motor | Search | Web 1 | Jawa Barat | All Time,
2023-03-22,,BPKB Motor # Leads | BPKB Motor | Search | Web 1 | Jawa Barat | All Time,
2023-03-23,,BPKB Motor # Leads | BPKB Motor | Search | Web 1 | Jawa Barat | All Time,
2023-03-24,,BPKB Motor # Leads | BPKB Motor | Search | Web 1 | Jawa Barat | All Time,
2023-03-25,,BPKB Motor # Leads | BPKB Motor | Search | Web 1 | Jawa Barat | All Time,
2023-03-26,,BPKB Motor # Leads | BPKB Motor | Search | Web 1 | Jawa Barat | All Time,
2023-03-27,,BPKB Motor # Leads | BPKB Motor | Search | Web 1 | Jawa Barat | All Time,
2023-03-28,,BPKB Motor # Leads | BPKB Motor | Search | Web 1 | Jawa Barat | All Time,
2023-04-01,,BPKB Motor # Leads | BPKB Motor | Search | Web 1 | Jawa Barat | All Time,
2023-04-02,,BPKB Motor # Leads | BPKB Motor | Search | Web 1 | Jawa Barat | All Time,
2023-04-03,,BPKB Motor # Leads | BPKB Motor | Search | Web 1 | Jawa Barat | All Time,
2023-04-04,,BPKB Motor # Leads | BPKB Motor | Search | Web 1 | Jawa Barat | All Time,
2023-04-05,,BPKB Motor # Leads | BPKB Motor | Search | Web 1 | Jawa Barat | All Time,
2023-04-06,,BPKB Motor # Leads | BPKB Motor | Search | Web 1 | Jawa Barat | All Time,
2023-04-07,298.7142857142857,BPKB Motor # Leads | BPKB Motor | Search | Web 1 | Jawa Barat | All Time,
2023-04-08,316.5,BPKB Motor # Leads | BPKB Motor | Search | Web 1 | Jawa Barat | All Time,
2023-04-09,314.7142857142857,BPKB Motor # Leads | BPKB Motor | Search | Web 1 | Jawa Barat | All Time,
2023-04-10,321.14285714285717,BPKB Motor # Leads | BPKB Motor | Search | Web 1 | Jawa Barat | All Time,
2023-04-13,334.07142857142856,BPKB Motor # Leads | BPKB Motor | Search | Web 1 | Jawa Barat | All Time,
2023-04-14,354.57142857142856,BPKB Motor # Leads | BPKB Motor | Search | Web 1 | Jawa Barat | All Time,
2023-04-15,387.14285714285717,BPKB Motor # Leads | BPKB Motor | Search | Web 1 | Jawa Barat | All Time,
2023-04-16,403.92857142857144,BPKB Motor # Leads | BPKB Motor | Search | Web 1 | Jawa Barat | All Time,
2023-04-17,426.2857142857143,BPKB Motor # Leads | BPKB Motor | Search | Web 1 | Jawa Barat | All Time,
2023-04-18,414.07142857142856,BPKB Motor # Leads | BPKB Motor | Search | Web 1 | Jawa Barat | All Time,
2023-04-19,413.14285714285717,BPKB Motor # Leads | BPKB Motor | Search | Web 1 | Jawa Barat | All Time,
2023-04-20,423.0816326530612,BPKB Motor # Leads | BPKB Motor | Search | Web 1 | Jawa Barat | All Time,
2023-04-21,420.73032069970844,BPKB Motor # Leads | BPKB Motor | Search | Web 1 | Jawa Barat | All Time,
2023-04-22,424.63962932111616,BPKB Motor # Leads | BPKB Motor | Search | Web 1 | Jawa Barat | All Time,
2023-04-23,424.39960284405305,BPKB Motor # Leads | BPKB Motor | Search | Web 1 | Jawa Barat | All Time,
2023-04-24,426.28528876148545,BPKB Motor # Leads | BPKB Motor | Search | Web 1 | Jawa Barat | All Time,211.0
2023-04-25,425.44852367302013,BPKB Motor # Leads | BPKB Motor | Search | Web 1 | Jawa Barat | All Time,
2023-04-26,431.7662753639501,BPKB Motor # Leads | BPKB Motor | Search | Web 1 | Jawa Barat | All Time,169.0
2023-04-27,440.03529503280373,BPKB Motor # Leads | BPKB Motor | Search | Web 1 | Jawa Barat | All Time,
2023-04-28,434.8235303922897,BPKB Motor # Leads | BPKB Motor | Search | Web 1 | Jawa Barat | All Time,
2023-04-29,415.0252111345961,BPKB Motor # Leads | BPKB Motor | Search | Web 1 | Jawa Barat | All Time,522.0
2023-04-30,411.5984405013529,BPKB Motor # Leads | BPKB Motor | Search | Web 1 | Jawa Barat | All Time,407.0
2023-05-01,413.4269005371639,BPKB Motor # Leads | BPKB Motor | Search | Web 1 | Jawa Barat | All Time,600.0
2023-05-02,419.7431077183898,BPKB Motor # Leads | BPKB Motor | Search | Web 1 | Jawa Barat | All Time,520.0
2023-05-03,423.15332969827483,BPKB Motor # Leads | BPKB Motor | Search | Web 1 | Jawa Barat | All Time,499.0
2023-05-04,423.86836345223327,BPKB Motor # Leads | BPKB Motor | Search | Web 1 | Jawa Barat | All Time,406.0
2023-05-05,423.924558509317,BPKB Motor # Leads | BPKB Motor | Search | Web 1 | Jawa Barat | All Time,500.0
2023-05-06,424.15271835286046,BPKB Motor # Leads | BPKB Motor | Search | Web 1 | Jawa Barat | All Time,228.0
2023-05-07,424.11793899798505,BPKB Motor # Leads | BPKB Motor | Search | Web 1 | Jawa Barat | All Time,260.0
2023-05-08,424.0978201518373,BPKB Motor # Leads | BPKB Motor | Search | Web 1 | Jawa Barat | All Time,292.0
2023-05-09,423.9415723940053,BPKB Motor # Leads | BPKB Motor | Search | Web 1 | Jawa Barat | All Time,360.0
2023-05-10,423.8339330169328,BPKB Motor # Leads | BPKB Motor | Search | Web 1 | Jawa Barat | All Time,319.0
2023-05-11,423.26733713500295,BPKB Motor # Leads | BPKB Motor | Search | Web 1 | Jawa Barat | All Time,295.0
2023-05-12,422.06962585658863,BPKB Motor # Leads | BPKB Motor | Search | Web 1 | Jawa Barat | All Time,326.0
2023-05-13,421.15863267546723,BPKB Motor # Leads | BPKB Motor | Search | Web 1 | Jawa Barat | All Time,492.0
2023-05-14,421.5967342141008,BPKB Motor # Leads | BPKB Motor | Search | Web 1 | Jawa Barat | All Time,558.0
2023-05-15,422.3108980507257,BPKB Motor # Leads | BPKB Motor | Search | Web 1 | Jawa Barat | All Time,315.0
2023-05-16,422.94546930169435,BPKB Motor # Leads | BPKB Motor | Search | Web 1 | Jawa Barat | All Time,391.0
2023-05-17,423.1742094147876,BPKB Motor # Leads | BPKB Motor | Search | Web 1 | Jawa Barat | All Time,
2023-05-18,423.1757008231099,BPKB Motor # Leads | BPKB Motor | Search | Web 1 | Jawa Barat | All Time,524.0
2023-05-19,423.12622492102963,BPKB Motor # Leads | BPKB Motor | Search | Web 1 | Jawa Barat | All Time,
2023-05-20,423.06920109329485,BPKB Motor # Leads | BPKB Motor | Search | Web 1 | Jawa Barat | All Time,
2023-05-21,422.99180700332585,BPKB Motor # Leads | BPKB Motor | Search | Web 1 | Jawa Barat | All Time,
2023-05-22,422.91136900370736,BPKB Motor # Leads | BPKB Motor | Search | Web 1 | Jawa Barat | All Time,
2023-05-23,422.82662249312665,BPKB Motor # Leads | BPKB Motor | Search | Web 1 | Jawa Barat | All Time,
2023-05-24,422.7469832144925,BPKB Motor # Leads | BPKB Motor | Search | Web 1 | Jawa Barat | All Time,
2023-05-25,422.6693439428896,BPKB Motor # Leads | BPKB Motor | Search | Web 1 | Jawa Barat | All Time,
2023-05-26,422.6266301434529,BPKB Motor # Leads | BPKB Motor | Search | Web 1 | Jawa Barat | All Time,
2023-05-27,422.6664161639432,BPKB Motor # Leads | BPKB Motor | Search | Web 1 | Jawa Barat | All Time,
2023-05-28,422.77411498454865,BPKB Motor # Leads | BPKB Motor | Search | Web 1 | Jawa Barat | All Time,
2023-05-29,422.85821361100915,BPKB Motor # Leads | BPKB Motor | Search | Web 1 | Jawa Barat | All Time,
2023-05-30,422.89730757960086,BPKB Motor # Leads | BPKB Motor | Search | Web 1 | Jawa Barat | All Time,
2023-05-31,422.8938674565942,BPKB Motor # Leads | BPKB Motor | Search | Web 1 | Jawa Barat | All Time,
2023-06-01,422.87384303100896,BPKB Motor # Leads | BPKB Motor | Search | Web 1 | Jawa Barat | All Time,
2023-06-02,422.8522817601446,BPKB Motor # Leads | BPKB Motor | Search | Web 1 | Jawa Barat | All Time,
2023-06-03,422.8327143915099,BPKB Motor # Leads | BPKB Motor | Search | Web 1 | Jawa Barat | All Time,
2023-06-04,422.8158224842396,BPKB Motor # Leads | BPKB Motor | Search | Web 1 | Jawa Barat | All Time,
2023-06-05,422.80325216144774,BPKB Motor # Leads | BPKB Motor | Search | Web 1 | Jawa Barat | All Time,
2023-06-06,422.7955295298578,BPKB Motor # Leads | BPKB Motor | Search | Web 1 | Jawa Barat | All Time,
2023-06-07,422.7933086039099,BPKB Motor # Leads | BPKB Motor | Search | Web 1 | Jawa Barat | All Time,
2023-06-08,422.7966175602969,BPKB Motor # Leads | BPKB Motor | Search | Web 1 | Jawa Barat | All Time,
2023-06-09,422.8057085329689,BPKB Motor # Leads | BPKB Motor | Search | Web 1 | Jawa Barat | All Time,
2023-06-10,422.81849984650574,BPKB Motor # Leads | BPKB Motor | Search | Web 1 | Jawa Barat | All Time,
2023-06-11,422.8293629666888,BPKB Motor # Leads | BPKB Motor | Search | Web 1 | Jawa Barat | All Time,
2023-06-12,422.8333092511274,BPKB Motor # Leads | BPKB Motor | Search | Web 1 | Jawa Barat | All Time,
2023-06-13,422.8315303682787,BPKB Motor # Leads | BPKB Motor | Search | Web 1 | Jawa Barat | All Time,
2023-06-14,422.82683199604134,BPKB Motor # Leads | BPKB Motor | Search | Web 1 | Jawa Barat | All Time,
2023-06-15,422.822043748859,BPKB Motor # Leads | BPKB Motor | Search | Web 1 | Jawa Barat | All Time,
2023-06-16,422.8183438001341,BPKB Motor # Leads | BPKB Motor | Search | Web 1 | Jawa Barat | All Time,
2023-06-17,,BPKB Motor # Leads | BPKB Motor | Search | Web 1 | Jawa Barat | All Time,
2023-03-21,,BPKB Motor # Leads | BPKB Motor | Search | Web 1 | Nationwide | All Time,
2023-03-22,,BPKB Motor # Leads | BPKB Motor | Search | Web 1 | Nationwide | All Time,
2023-03-23,,BPKB Motor # Leads | BPKB Motor | Search | Web 1 | Nationwide | All Time,
2023-03-24,,BPKB Motor # Leads | BPKB Motor | Search | Web 1 | Nationwide | All Time,
2023-03-25,,BPKB Motor # Leads | BPKB Motor | Search | Web 1 | Nationwide | All Time,
2023-03-26,,BPKB Motor # Leads | BPKB Motor | Search | Web 1 | Nationwide | All Time,
2023-03-27,,BPKB Motor # Leads | BPKB Motor | Search | Web 1 | Nationwide | All Time,
2023-03-28,,BPKB Motor # Leads | BPKB Motor | Search | Web 1 | Nationwide | All Time,
2023-03-30,,BPKB Motor # Leads | BPKB Motor | Search | Web 1 | Nationwide | All Time,
2023-03-31,,BPKB Motor # Leads | BPKB Motor | Search | Web 1 | Nationwide | All Time,
2023-04-01,,BPKB Motor # Leads | BPKB Motor | Search | Web 1 | Nationwide | All Time,
2023-04-02,,BPKB Motor # Leads | BPKB Motor | Search | Web 1 | Nationwide | All Time,
2023-04-03,,BPKB Motor # Leads | BPKB Motor | Search | Web 1 | Nationwide | All Time,
2023-04-04,,BPKB Motor # Leads | BPKB Motor | Search | Web 1 | Nationwide | All Time,
2023-04-05,,BPKB Motor # Leads | BPKB Motor | Search | Web 1 | Nationwide | All Time,
2023-04-06,,BPKB Motor # Leads | BPKB Motor | Search | Web 1 | Nationwide | All Time,
2023-04-07,,BPKB Motor # Leads | BPKB Motor | Search | Web 1 | Nationwide | All Time,
2023-04-08,,BPKB Motor # Leads | BPKB Motor | Search | Web 1 | Nationwide | All Time,
2023-04-10,,BPKB Motor # Leads | BPKB Motor | Search | Web 1 | Nationwide | All Time,
2023-04-11,,BPKB Motor # Leads | BPKB Motor | Search | Web 1 | Nationwide | All Time,
2023-04-12,,BPKB Motor # Leads | BPKB Motor | Search | Web 1 | Nationwide | All Time,
2023-04-13,,BPKB Motor # Leads | BPKB Motor | Search | Web 1 | Nationwide | All Time,
2023-04-14,,BPKB Motor # Leads | BPKB Motor | Search | Web 1 | Nationwide | All Time,
2023-04-15,,BPKB Motor # Leads | BPKB Motor | Search | Web 1 | Nationwide | All Time,
2023-04-17,,BPKB Motor # Leads | BPKB Motor | Search | Web 1 | Nationwide | All Time,
2023-04-18,,BPKB Motor # Leads | BPKB Motor | Search | Web 1 | Nationwide | All Time,
2023-04-19,,BPKB Motor # Leads | BPKB Motor | Search | Web 1 | Nationwide | All Time,
2023-04-20,,BPKB Motor # Leads | BPKB Motor | Search | Web 1 | Nationwide | All Time,
2023-04-21,,BPKB Motor # Leads | BPKB Motor | Search | Web 1 | Nationwide | All Time,
2023-04-22,,BPKB Motor # Leads | BPKB Motor | Search | Web 1 | Nationwide | All Time,
2023-04-23,,BPKB Motor # Leads | BPKB Motor | Search | Web 1 | Nationwide | All Time,
2023-04-24,,BPKB Motor # Leads | BPKB Motor | Search | Web 1 | Nationwide | All Time,2670.0
2023-04-25,,BPKB Motor # Leads | BPKB Motor | Search | Web 1 | Nationwide | All Time,1437.0
2023-04-26,,BPKB Motor # Leads | BPKB Motor | Search | Web 1 | Nationwide | All Time,2113.0
2023-04-27,,BPKB Motor # Leads | BPKB Motor | Search | Web 1 | Nationwide | All Time,2283.0
2023-04-28,,BPKB Motor # Leads | BPKB Motor | Search | Web 1 | Nationwide | All Time,3153.0
2023-04-29,,BPKB Motor # Leads | BPKB Motor | Search | Web 1 | Nationwide | All Time,
2023-04-30,,BPKB Motor # Leads | BPKB Motor | Search | Web 1 | Nationwide | All Time,
2023-05-01,,BPKB Motor # Leads | BPKB Motor | Search | Web 1 | Nationwide | All Time,1195.0
2023-05-02,,BPKB Motor # Leads | BPKB Motor | Search | Web 1 | Nationwide | All Time,816.0
2023-05-03,,BPKB Motor # Leads | BPKB Motor | Search | Web 1 | Nationwide | All Time,518.0
2023-05-04,,BPKB Motor # Leads | BPKB Motor | Search | Web 1 | Nationwide | All Time,750.0
2023-05-05,,BPKB Motor # Leads | BPKB Motor | Search | Web 1 | Nationwide | All Time,1029.0
2023-05-06,,BPKB Motor # Leads | BPKB Motor | Search | Web 1 | Nationwide | All Time,
2023-05-07,,BPKB Motor # Leads | BPKB Motor | Search | Web 1 | Nationwide | All Time,
2023-05-08,,BPKB Motor # Leads | BPKB Motor | Search | Web 1 | Nationwide | All Time,825.0
2023-05-09,,BPKB Motor # Leads | BPKB Motor | Search | Web 1 | Nationwide | All Time,1035.0
2023-05-10,,BPKB Motor # Leads | BPKB Motor | Search | Web 1 | Nationwide | All Time,964.0
2023-05-11,,BPKB Motor # Leads | BPKB Motor | Search | Web 1 | Nationwide | All Time,1236.0
2023-05-12,,BPKB Motor # Leads | BPKB Motor | Search | Web 1 | Nationwide | All Time,1153.0
2023-05-13,,BPKB Motor # Leads | BPKB Motor | Search | Web 1 | Nationwide | All Time,1036.0
2023-05-14,,BPKB Motor # Leads | BPKB Motor | Search | Web 1 | Nationwide | All Time,1178.0
2023-05-15,,BPKB Motor # Leads | BPKB Motor | Search | Web 1 | Nationwide | All Time,1038.0
2023-05-16,,BPKB Motor # Leads | BPKB Motor | Search | Web 1 | Nationwide | All Time,1059.0
2023-05-17,,BPKB Motor # Leads | BPKB Motor | Search | Web 1 | Nationwide | All Time,962.0
2023-05-18,,BPKB Motor # Leads | BPKB Motor | Search | Web 1 | Nationwide | All Time,1043.0
2023-05-19,,BPKB Motor # Leads | BPKB Motor | Search | Web 1 | Nationwide | All Time,
2023-05-20,,BPKB Motor # Leads | BPKB Motor | Search | Web 1 | Nationwide | All Time,
2023-05-21,,BPKB Motor # Leads | BPKB Motor | Search | Web 1 | Nationwide | All Time,
2023-05-22,,BPKB Motor # Leads | BPKB Motor | Search | Web 1 | Nationwide | All Time,
2023-05-23,,BPKB Motor # Leads | BPKB Motor | Search | Web 1 | Nationwide | All Time,
2023-05-24,,BPKB Motor # Leads | BPKB Motor | Search | Web 1 | Nationwide | All Time,
2023-05-25,,BPKB Motor # Leads | BPKB Motor | Search | Web 1 | Nationwide | All Time,
2023-05-26,,BPKB Motor # Leads | BPKB Motor | Search | Web 1 | Nationwide | All Time,
2023-05-27,,BPKB Motor # Leads | BPKB Motor | Search | Web 1 | Nationwide | All Time,
2023-05-28,,BPKB Motor # Leads | BPKB Motor | Search | Web 1 | Nationwide | All Time,
2023-05-29,,BPKB Motor # Leads | BPKB Motor | Search | Web 1 | Nationwide | All Time,
2023-05-30,,BPKB Motor # Leads | BPKB Motor | Search | Web 1 | Nationwide | All Time,
2023-05-31,,BPKB Motor # Leads | BPKB Motor | Search | Web 1 | Nationwide | All Time,
2023-06-01,,BPKB Motor # Leads | BPKB Motor | Search | Web 1 | Nationwide | All Time,
2023-06-02,,BPKB Motor # Leads | BPKB Motor | Search | Web 1 | Nationwide | All Time,
2023-06-03,,BPKB Motor # Leads | BPKB Motor | Search | Web 1 | Nationwide | All Time,
2023-06-04,,BPKB Motor # Leads | BPKB Motor | Search | Web 1 | Nationwide | All Time,
2023-06-05,,BPKB Motor # Leads | BPKB Motor | Search | Web 1 | Nationwide | All Time,
2023-06-06,,BPKB Motor # Leads | BPKB Motor | Search | Web 1 | Nationwide | All Time,
2023-06-07,,BPKB Motor # Leads | BPKB Motor | Search | Web 1 | Nationwide | All Time,
2023-06-08,,BPKB Motor # Leads | BPKB Motor | Search | Web 1 | Nationwide | All Time,
2023-06-09,,BPKB Motor # Leads | BPKB Motor | Search | Web 1 | Nationwide | All Time,
2023-06-10,,BPKB Motor # Leads | BPKB Motor | Search | Web 1 | Nationwide | All Time,
2023-06-11,,BPKB Motor # Leads | BPKB Motor | Search | Web 1 | Nationwide | All Time,
2023-06-12,,BPKB Motor # Leads | BPKB Motor | Search | Web 1 | Nationwide | All Time,
2023-06-13,,BPKB Motor # Leads | BPKB Motor | Search | Web 1 | Nationwide | All Time,
2023-06-14,,BPKB Motor # Leads | BPKB Motor | Search | Web 1 | Nationwide | All Time,
2023-06-15,,BPKB Motor # Leads | BPKB Motor | Search | Web 1 | Nationwide | All Time,
2023-06-16,,BPKB Motor # Leads | BPKB Motor | Search | Web 1 | Nationwide | All Time,
2023-06-17,,BPKB Motor # Leads | BPKB Motor | Search | Web 1 | Nationwide | All Time,
2023-06-18,,BPKB Motor # Leads | BPKB Motor | Search | Web 1 | Nationwide | All Time,
2023-03-21,,Sertifikat Rumah # Leads | Sertifikat Rumah | Search | Web 1 | Cover Area | All Time,
2023-03-22,,Sertifikat Rumah # Leads | Sertifikat Rumah | Search | Web 1 | Cover Area | All Time,
2023-03-23,,Sertifikat Rumah # Leads | Sertifikat Rumah | Search | Web 1 | Cover Area | All Time,
2023-03-24,,Sertifikat Rumah # Leads | Sertifikat Rumah | Search | Web 1 | Cover Area | All Time,
2023-03-25,,Sertifikat Rumah # Leads | Sertifikat Rumah | Search | Web 1 | Cover Area | All Time,
2023-03-26,,Sertifikat Rumah # Leads | Sertifikat Rumah | Search | Web 1 | Cover Area | All Time,
2023-03-27,,Sertifikat Rumah # Leads | Sertifikat Rumah | Search | Web 1 | Cover Area | All Time,
2023-03-28,,Sertifikat Rumah # Leads | Sertifikat Rumah | Search | Web 1 | Cover Area | All Time,
2023-04-01,,Sertifikat Rumah # Leads | Sertifikat Rumah | Search | Web 1 | Cover Area | All Time,
2023-04-02,,Sertifikat Rumah # Leads | Sertifikat Rumah | Search | Web 1 | Cover Area | All Time,
2023-04-03,,Sertifikat Rumah # Leads | Sertifikat Rumah | Search | Web 1 | Cover Area | All Time,
2023-04-04,,Sertifikat Rumah # Leads | Sertifikat Rumah | Search | Web 1 | Cover Area | All Time,
2023-04-05,,Sertifikat Rumah # Leads | Sertifikat Rumah | Search | Web 1 | Cover Area | All Time,
2023-04-10,,Sertifikat Rumah # Leads | Sertifikat Rumah | Search | Web 1 | Cover Area | All Time,
2023-04-11,,Sertifikat Rumah # Leads | Sertifikat Rumah | Search | Web 1 | Cover Area | All Time,
2023-04-12,,Sertifikat Rumah # Leads | Sertifikat Rumah | Search | Web 1 | Cover Area | All Time,
2023-04-13,,Sertifikat Rumah # Leads | Sertifikat Rumah | Search | Web 1 | Cover Area | All Time,
2023-04-14,,Sertifikat Rumah # Leads | Sertifikat Rumah | Search | Web 1 | Cover Area | All Time,
2023-04-15,,Sertifikat Rumah # Leads | Sertifikat Rumah | Search | Web 1 | Cover Area | All Time,
2023-04-16,,Sertifikat Rumah # Leads | Sertifikat Rumah | Search | Web 1 | Cover Area | All Time,
2023-04-17,,Sertifikat Rumah # Leads | Sertifikat Rumah | Search | Web 1 | Cover Area | All Time,
2023-04-18,,Sertifikat Rumah # Leads | Sertifikat Rumah | Search | Web 1 | Cover Area | All Time,
2023-04-19,,Sertifikat Rumah # Leads | Sertifikat Rumah | Search | Web 1 | Cover Area | All Time,
2023-04-20,,Sertifikat Rumah # Leads | Sertifikat Rumah | Search | Web 1 | Cover Area | All Time,
2023-04-21,,Sertifikat Rumah # Leads | Sertifikat Rumah | Search | Web 1 | Cover Area | All Time,
2023-04-22,,Sertifikat Rumah # Leads | Sertifikat Rumah | Search | Web 1 | Cover Area | All Time,
2023-04-23,,Sertifikat Rumah # Leads | Sertifikat Rumah | Search | Web 1 | Cover Area | All Time,
2023-04-24,,Sertifikat Rumah # Leads | Sertifikat Rumah | Search | Web 1 | Cover Area | All Time,
2023-04-25,,Sertifikat Rumah # Leads | Sertifikat Rumah | Search | Web 1 | Cover Area | All Time,
2023-04-26,,Sertifikat Rumah # Leads | Sertifikat Rumah | Search | Web 1 | Cover Area | All Time,
2023-04-27,,Sertifikat Rumah # Leads | Sertifikat Rumah | Search | Web 1 | Cover Area | All Time,
2023-04-28,,Sertifikat Rumah # Leads | Sertifikat Rumah | Search | Web 1 | Cover Area | All Time,
2023-04-29,,Sertifikat Rumah # Leads | Sertifikat Rumah | Search | Web 1 | Cover Area | All Time,
2023-04-30,,Sertifikat Rumah # Leads | Sertifikat Rumah | Search | Web 1 | Cover Area | All Time,25.0
2023-05-01,,Sertifikat Rumah # Leads | Sertifikat Rumah | Search | Web 1 | Cover Area | All Time,51.0
2023-05-02,,Sertifikat Rumah # Leads | Sertifikat Rumah | Search | Web 1 | Cover Area | All Time,62.0
2023-05-03,,Sertifikat Rumah # Leads | Sertifikat Rumah | Search | Web 1 | Cover Area | All Time,
2023-05-04,,Sertifikat Rumah # Leads | Sertifikat Rumah | Search | Web 1 | Cover Area | All Time,54.0
2023-05-05,,Sertifikat Rumah # Leads | Sertifikat Rumah | Search | Web 1 | Cover Area | All Time,66.0
2023-05-06,,Sertifikat Rumah # Leads | Sertifikat Rumah | Search | Web 1 | Cover Area | All Time,
2023-05-07,,Sertifikat Rumah # Leads | Sertifikat Rumah | Search | Web 1 | Cover Area | All Time,42.0
2023-05-08,,Sertifikat Rumah # Leads | Sertifikat Rumah | Search | Web 1 | Cover Area | All Time,70.0
2023-05-09,,Sertifikat Rumah # Leads | Sertifikat Rumah | Search | Web 1 | Cover Area | All Time,49.0
2023-05-10,,Sertifikat Rumah # Leads | Sertifikat Rumah | Search | Web 1 | Cover Area | All Time,53.0
2023-05-11,,Sertifikat Rumah # Leads | Sertifikat Rumah | Search | Web 1 | Cover Area | All Time,
2023-05-12,,Sertifikat Rumah # Leads | Sertifikat Rumah | Search | Web 1 | Cover Area | All Time,
2023-05-13,,Sertifikat Rumah # Leads | Sertifikat Rumah | Search | Web 1 | Cover Area | All Time,49.0
2023-05-14,,Sertifikat Rumah # Leads | Sertifikat Rumah | Search | Web 1 | Cover Area | All Time,44.0
2023-05-15,,Sertifikat Rumah # Leads | Sertifikat Rumah | Search | Web 1 | Cover Area | All Time,61.0
2023-05-16,,Sertifikat Rumah # Leads | Sertifikat Rumah | Search | Web 1 | Cover Area | All Time,78.0
2023-05-17,,Sertifikat Rumah # Leads | Sertifikat Rumah | Search | Web 1 | Cover Area | All Time,63.0
2023-05-18,,Sertifikat Rumah # Leads | Sertifikat Rumah | Search | Web 1 | Cover Area | All Time,
2023-05-19,,Sertifikat Rumah # Leads | Sertifikat Rumah | Search | Web 1 | Cover Area | All Time,
2023-05-20,,Sertifikat Rumah # Leads | Sertifikat Rumah | Search | Web 1 | Cover Area | All Time,
2023-05-21,,Sertifikat Rumah # Leads | Sertifikat Rumah | Search | Web 1 | Cover Area | All Time,
2023-05-22,,Sertifikat Rumah # Leads | Sertifikat Rumah | Search | Web 1 | Cover Area | All Time,
2023-05-23,,Sertifikat Rumah # Leads | Sertifikat Rumah | Search | Web 1 | Cover Area | All Time,
2023-05-24,,Sertifikat Rumah # Leads | Sertifikat Rumah | Search | Web 1 | Cover Area | All Time,
2023-05-25,,Sertifikat Rumah # Leads | Sertifikat Rumah | Search | Web 1 | Cover Area | All Time,
2023-05-26,,Sertifikat Rumah # Leads | Sertifikat Rumah | Search | Web 1 | Cover Area | All Time,
2023-05-27,,Sertifikat Rumah # Leads | Sertifikat Rumah | Search | Web 1 | Cover Area | All Time,
2023-05-28,,Sertifikat Rumah # Leads | Sertifikat Rumah | Search | Web 1 | Cover Area | All Time,
2023-05-29,,Sertifikat Rumah # Leads | Sertifikat Rumah | Search | Web 1 | Cover Area | All Time,
2023-05-30,,Sertifikat Rumah # Leads | Sertifikat Rumah | Search | Web 1 | Cover Area | All Time,
2023-05-31,,Sertifikat Rumah # Leads | Sertifikat Rumah | Search | Web 1 | Cover Area | All Time,
2023-06-01,,Sertifikat Rumah # Leads | Sertifikat Rumah | Search | Web 1 | Cover Area | All Time,
2023-06-02,,Sertifikat Rumah # Leads | Sertifikat Rumah | Search | Web 1 | Cover Area | All Time,
2023-06-03,,Sertifikat Rumah # Leads | Sertifikat Rumah | Search | Web 1 | Cover Area | All Time,
2023-06-04,,Sertifikat Rumah # Leads | Sertifikat Rumah | Search | Web 1 | Cover Area | All Time,
2023-06-05,,Sertifikat Rumah # Leads | Sertifikat Rumah | Search | Web 1 | Cover Area | All Time,
2023-06-06,,Sertifikat Rumah # Leads | Sertifikat Rumah | Search | Web 1 | Cover Area | All Time,
2023-06-07,,Sertifikat Rumah # Leads | Sertifikat Rumah | Search | Web 1 | Cover Area | All Time,
2023-06-08,,Sertifikat Rumah # Leads | Sertifikat Rumah | Search | Web 1 | Cover Area | All Time,
2023-06-09,,Sertifikat Rumah # Leads | Sertifikat Rumah | Search | Web 1 | Cover Area | All Time,
2023-06-10,,Sertifikat Rumah # Leads | Sertifikat Rumah | Search | Web 1 | Cover Area | All Time,
2023-06-11,,Sertifikat Rumah # Leads | Sertifikat Rumah | Search | Web 1 | Cover Area | All Time,
